retrieval_mode,split,queries,positive_queries,negative_queries,lexical_weight,embedding_weight,Recall@1,Recall@3,Recall@5,Precision@5,MRR,nDCG@5,negative_rejection,country_mismatch,sector_mismatch,evidence_class_mismatch,avg_latency_ms,p95_latency_ms
hybrid_filtered,dev_tuning,29,26,3,0.2,0.8,0.2692307692307692,0.4230769230769231,0.8076923076923077,0.16153846153846155,0.4217948717948718,0.5151280801739015,0.0,0.0,0.0,0.0,152.2741379310345,160.311
hybrid_filtered,dev_tuning,29,26,3,0.4,0.6,0.34615384615384615,0.5384615384615384,0.8461538461538461,0.16923076923076924,0.5108974358974359,0.593281066462851,0.0,0.0,0.0,0.0,151.6308620689655,159.818
hybrid_filtered,dev_tuning,29,26,3,0.5,0.5,0.34615384615384615,0.6923076923076923,0.9615384615384616,0.19230769230769232,0.5551282051282052,0.6553043623790186,0.0,0.0,0.0,0.0,152.11472413793103,159.677
hybrid_filtered,dev_tuning,29,26,3,0.6,0.4,0.38461538461538464,0.8076923076923077,0.9615384615384616,0.19230769230769232,0.6006410256410256,0.6909408078032103,0.0,0.0,0.0,0.0,152.15744827586207,159.696
hybrid_filtered,dev_tuning,29,26,3,0.8,0.19999999999999996,0.46153846153846156,0.8461538461538461,0.9615384615384616,0.19230769230769232,0.6762820512820512,0.7488614406293576,0.0,0.0,0.0,0.0,152.4343448275862,160.209
