retrieval_mode,split,queries,positive_queries,negative_queries,lexical_weight,embedding_weight,Recall@1,Recall@3,Recall@5,Precision@5,MRR,nDCG@5,negative_rejection,country_mismatch,sector_mismatch,evidence_class_mismatch,avg_latency_ms,p95_latency_ms
lexical,dev,29,26,3,,,0.6153846153846154,0.8076923076923077,1.0,0.2,0.7576923076923077,0.8178541464379,0.0,0.0,0.0,0.0,1.7501379310344827,2.47
embedding,dev,29,26,3,,,0.11538461538461539,0.23076923076923078,0.2692307692307692,0.05384615384615385,0.17628205128205127,0.19971292558524262,0.0,0.496551724137931,0.3172413793103448,0.0,152.42600000000002,160.369
hybrid,dev,29,26,3,0.8,0.19999999999999996,0.38461538461538464,0.8461538461538461,0.9615384615384616,0.19230769230769232,0.6121794871794871,0.7003283826623223,0.0,0.048275862068965524,0.027586206896551727,0.0,152.80372413793103,160.933
hybrid_filtered,dev,29,26,3,0.8,0.19999999999999996,0.46153846153846156,0.8461538461538461,0.9615384615384616,0.19230769230769232,0.6762820512820512,0.7488614406293576,0.0,0.0,0.0,0.0,152.66379310344828,160.366
lexical,test,91,82,9,,,0.5975609756097561,0.8902439024390244,0.9878048780487805,0.19756097560975608,0.749390243902439,0.8093357928941483,0.1111111111111111,0.0,0.0,0.0,1.7095824175824177,2.372
embedding,test,91,82,9,,,0.10975609756097561,0.24390243902439024,0.2682926829268293,0.05365853658536586,0.17479674796747968,0.19851050477008522,0.0,0.5472527472527472,0.2945054945054945,0.0,160.97541758241758,228.271
hybrid,test,91,82,9,0.8,0.19999999999999996,0.4146341463414634,0.8902439024390244,0.9634146341463414,0.1926829268292683,0.6315040650406504,0.7153515935247641,0.0,0.12967032967032968,0.01098901098901099,0.0,153.54813186813186,163.1
hybrid_filtered,test,91,82,9,0.8,0.19999999999999996,0.47560975609756095,0.9146341463414634,0.9878048780487805,0.19756097560975608,0.6849593495934959,0.7617623649635662,0.1111111111111111,0.0,0.0,0.0,152.70474725274724,162.692
