retrieval_mode,split,queries,positive_queries,negative_queries,lexical_weight,embedding_weight,Recall@1,Recall@3,Recall@5,Precision@5,MRR,nDCG@5,negative_rejection,country_mismatch,sector_mismatch,evidence_class_mismatch,avg_latency_ms,p95_latency_ms
lexical,dev,21,15,6,,,0.6666666666666666,0.9333333333333333,1.0,0.2,0.8133333333333332,0.8607047881013581,0.0,0.0,0.0,0.0,1.5241904761904763,2.253
embedding,dev,21,15,6,,,0.4666666666666667,0.6666666666666666,0.8,0.16000000000000003,0.6,0.6502761584574106,0.0,0.5238095238095238,0.47619047619047616,0.0,110.0095238095238,111.826
hybrid,dev,21,15,6,0.2,0.8,0.6,0.8666666666666667,0.9333333333333333,0.18666666666666668,0.7388888888888889,0.788231054585851,0.0,0.3523809523809524,0.23809523809523808,0.0,110.17823809523809,111.309
hybrid_filtered,dev,21,15,6,0.2,0.8,0.8,1.0,1.0,0.2,0.9,0.9261859507142916,0.0,0.0,0.0,0.0,109.893,111.132
lexical,test,39,25,14,,,0.68,0.96,1.0,0.2,0.8166666666666668,0.8634130130372272,0.0,0.0,0.0,0.0,1.496205128205128,2.188
embedding,test,39,25,14,,,0.4,0.48,0.52,0.10400000000000001,0.44799999999999995,0.4659484925750983,0.0,0.6205128205128205,0.37435897435897436,0.0,110.51266666666666,112.435
hybrid,test,39,25,14,0.2,0.8,0.48,0.68,0.8,0.16,0.5793333333333333,0.6334124770445573,0.0,0.4666666666666667,0.19999999999999998,0.0,110.94161538461539,117.214
hybrid_filtered,test,39,25,14,0.2,0.8,0.64,0.84,0.96,0.19200000000000003,0.7546666666666667,0.805639807363828,0.0,0.0,0.0,0.0,110.43876923076924,112.504
