retrieval_mode,split,queries,positive_queries,negative_queries,lexical_weight,embedding_weight,Recall@1,Recall@3,Recall@5,Precision@5,MRR,nDCG@5,negative_rejection,country_mismatch,sector_mismatch,evidence_class_mismatch,avg_latency_ms,p95_latency_ms
hybrid_filtered,dev_tuning,21,15,6,0.2,0.8,0.8,1.0,1.0,0.2,0.9,0.9261859507142916,0.0,0.0,0.0,0.0,110.28252380952381,111.76
hybrid_filtered,dev_tuning,21,15,6,0.4,0.6,0.7333333333333333,1.0,1.0,0.2,0.8666666666666667,0.9015812676190554,0.0,0.0,0.0,0.0,109.82519047619049,111.113
hybrid_filtered,dev_tuning,21,15,6,0.5,0.5,0.7333333333333333,1.0,1.0,0.2,0.8666666666666667,0.9015812676190554,0.0,0.0,0.0,0.0,109.94999999999999,111.441
hybrid_filtered,dev_tuning,21,15,6,0.6,0.4,0.7333333333333333,1.0,1.0,0.2,0.8666666666666667,0.9015812676190554,0.0,0.0,0.0,0.0,111.86561904761905,112.664
hybrid_filtered,dev_tuning,21,15,6,0.8,0.19999999999999996,0.7333333333333333,1.0,1.0,0.2,0.8666666666666667,0.9015812676190554,0.0,0.0,0.0,0.0,110.35757142857143,111.899
