retrieval_mode,split,queries,positive_queries,negative_queries,lexical_weight,embedding_weight,phrase_bonus,Recall@1,Recall@3,Recall@5,Precision@5,MRR,nDCG@5,negative_rejection,country_mismatch,sector_mismatch,evidence_class_mismatch,avg_latency_ms,p95_latency_ms
lexical,dev,29,26,3,,,1.5,0.5384615384615384,0.8076923076923077,1.0,0.2,0.7173076923076922,0.787778598603441,0.0,0.0,0.0,0.0,0.6035172413793103,0.853
embedding,dev,29,26,3,,,1.5,0.11538461538461539,0.23076923076923078,0.2692307692307692,0.05384615384615385,0.17628205128205127,0.19971292558524262,0.0,0.496551724137931,0.3172413793103448,0.0,47.39179310344828,163.99
hybrid,dev,29,26,3,1.0,0.0,1.5,0.5,0.8076923076923077,0.9615384615384616,0.19230769230769232,0.683974358974359,0.7536688752482662,0.0,0.14482758620689656,0.06206896551724138,0.0,37.76513793103449,51.656
hybrid_filtered,dev,29,26,3,1.0,0.0,1.5,0.5384615384615384,0.8076923076923077,1.0,0.2,0.7173076923076922,0.787778598603441,0.0,0.0,0.0,0.0,11.57351724137931,15.975
lexical,test,91,82,9,,,1.5,0.5365853658536586,0.8780487804878049,1.0,0.20000000000000004,0.715650406504065,0.7869759742988246,0.1111111111111111,0.0,0.0,0.0,0.5730549450549451,0.755
embedding,test,91,82,9,,,1.5,0.10975609756097561,0.24390243902439024,0.2682926829268293,0.05365853658536586,0.17479674796747968,0.19851050477008522,0.0,0.5472527472527472,0.2945054945054945,0.0,37.670362637362636,52.464
hybrid,test,91,82,9,1.0,0.0,1.5,0.47560975609756095,0.8170731707317073,0.9634146341463414,0.1926829268292683,0.6560975609756097,0.7327768262276663,0.0,0.21978021978021978,0.035164835164835165,0.0,37.22879120879121,51.214
hybrid_filtered,test,91,82,9,1.0,0.0,1.5,0.5365853658536586,0.8780487804878049,1.0,0.20000000000000004,0.715650406504065,0.7869759742988246,0.1111111111111111,0.0,0.0,0.0,11.586417582417583,16.961
